sample-id	SampleName	ForwardPrimer	ReversePrimer	PrimerName	Region	RunDate	PNAs	Beads	Enzyme	SampleType	ControlType	PlantPart	WheatSpecies	PlantPart_WheatSpecies	PloidyLevel	Location	Domestication	Control	Seed	Gnotobiotic	Field
#q2:types	categorical	categorical	categorical	categorical	categorical	categorical	categorical	categorical	categorical	categorical	categorical	categorical	categorical	categorical	categorical	categorical	categorical	categorical	categorical	categorical	categorical
AE_246	Ata_RU	GTGCCAGCMGCCGCGGTAA	GACTACHVGGGTATCTAATCC	U515F-Bakt_805R	V4	2022-05-09	No	Yes	Kappa	Seed	NA	Seed	A.tauschii	Seed_A.tauschii	2n	Asia	Ancestral	No	Yes	No	No
AE_498	Ata_UZ	GTGCCAGCMGCCGCGGTAA	GACTACHVGGGTATCTAATCC	U515F-Bakt_805R	V4	2022-05-09	No	Yes	Kappa	Seed	NA	Seed	A.tauschii	Seed_A.tauschii	2n	Asia	Ancestral	No	Yes	No	No
BRAJua	Tae_SP5	GTGCCAGCMGCCGCGGTAA	GACTACHVGGGTATCTAATCC	U515F-Bakt_805R	V4	2022-05-09	No	Yes	Kappa	Seed	NA	Seed	T.aestivum	Seed_T.aestivum	6n	Europe	Commercial	No	Yes	No	No
BRNVil	Tae_SP2	GTGCCAGCMGCCGCGGTAA	GACTACHVGGGTATCTAATCC	U515F-Bakt_805R	V4	2022-05-09	No	Yes	Kappa	Seed	NA	Seed	T.aestivum	Seed_T.aestivum	6n	Europe	Commercial	No	Yes	Yes	No
BSC2021_27	Tae_SP3	GTGCCAGCMGCCGCGGTAA	GACTACHVGGGTATCTAATCC	U515F-Bakt_805R	V4	2022-05-09	No	Yes	Kappa	Seed	NA	Seed	T.aestivum	Seed_T.aestivum	6n	Europe	Commercial	No	No	Yes	Yes
BSCMatR3_SH	Tae_Sh_C	GTGCCAGCMGCCGCGGTAA	GACTACHVGGGTATCTAATCC	U515F-Bakt_805R	V4	2022-05-09	No	Yes	Kappa	Field	NA	Shoot	T.aestivum	Shoot_T.aestivum	6n	America	Commercial	No	No	No	Yes
BSCMatR3_SP	Tae_Sp_C	GTGCCAGCMGCCGCGGTAA	GACTACHVGGGTATCTAATCC	U515F-Bakt_805R	V4	2022-05-09	No	Yes	Kappa	Field	NA	Spike	T.aestivum	Spike_T.aestivum	6n	America	Commercial	No	No	No	Yes
CH4_RO	Tae_Ro_A	GTGCCAGCMGCCGCGGTAA	GACTACHVGGGTATCTAATCC	U515F-Bakt_805R	V4	2022-05-09	No	Yes	Kappa	Field	NA	Root	T.aestivum	Root_T.aestivum	6n	America	Commercial	No	No	No	Yes
CH4_SH	Tae_Sh_A	GTGCCAGCMGCCGCGGTAA	GACTACHVGGGTATCTAATCC	U515F-Bakt_805R	V4	2022-05-09	No	Yes	Kappa	Field	NA	Shoot	T.aestivum	Shoot_T.aestivum	6n	America	Commercial	No	No	No	Yes
CH4_SP	Tae_Sp_A	GTGCCAGCMGCCGCGGTAA	GACTACHVGGGTATCTAATCC	U515F-Bakt_805R	V4	2022-05-09	No	Yes	Kappa	Field	NA	Spike	T.aestivum	Spike_T.aestivum	6n	America	Commercial	No	No	No	Yes
CH_RO	Tae_Ro_B	GTGCCAGCMGCCGCGGTAA	GACTACHVGGGTATCTAATCC	U515F-Bakt_805R	V4	2022-05-09	No	Yes	Kappa	Field	NA	Root	T.aestivum	Root_T.aestivum	6n	America	Commercial	No	No	No	Yes
CH_SO	Tae_So_B	GTGCCAGCMGCCGCGGTAA	GACTACHVGGGTATCTAATCC	U515F-Bakt_805R	V4	2022-05-09	No	Yes	Kappa	Field	NA	Soil	T.aestivum	Soil_T.aestivum	6n	America	Commercial	No	No	No	Yes
CPCRW_77	CPCRW_77	GTGCCAGCMGCCGCGGTAA	GACTACHVGGGTATCTAATCC	U515F-Bakt_805R	V4	2022-05-09	No	Yes	Kappa	Control	H2O	NA	NA	NA	NA	NA	NA	Yes	No	No	No
C_ex_30	C_ex_30	GTGCCAGCMGCCGCGGTAA	GACTACHVGGGTATCTAATCC	U515F-Bakt_805R	V4	2022-05-09	No	Yes	Kappa	Control	Extraction	NA	NA	NA	NA	NA	NA	Yes	No	No	No
C_ex_81	C_ex_81	GTGCCAGCMGCCGCGGTAA	GACTACHVGGGTATCTAATCC	U515F-Bakt_805R	V4	2022-05-09	Yes	Yes	Kappa	Control	Extraction	NA	NA	NA	NA	NA	NA	Yes	No	No	No
SE16	Tpe_SP5	GTGCCAGCMGCCGCGGTAA	GACTACHVGGGTATCTAATCC	U515F-Bakt_805R	V4	2022-05-09	No	Yes	Kappa	Seed	NA	Seed	T.spelta	Seed_T.spelta	6n	Europe	Ancestral	No	Yes	No	No
SE1620	Tpe_SP2	GTGCCAGCMGCCGCGGTAA	GACTACHVGGGTATCTAATCC	U515F-Bakt_805R	V4	2022-05-09	No	Yes	Kappa	Seed	NA	Seed	T.spelta	Seed_T.spelta	6n	Europe	Ancestral	No	Yes	No	Yes
SE16_RO	Tpe_RO	GTGCCAGCMGCCGCGGTAA	GACTACHVGGGTATCTAATCC	U515F-Bakt_805R	V4	2022-05-09	No	Yes	Kappa	Field	NA	Root	T.spelta	Root_T.spelta	6n	Europe	Ancestral	No	No	No	Yes
SE16_SH	Tpe_SH	GTGCCAGCMGCCGCGGTAA	GACTACHVGGGTATCTAATCC	U515F-Bakt_805R	V4	2022-05-09	No	Yes	Kappa	Field	NA	Shoot	T.spelta	Shoot_T.spelta	6n	Europe	Ancestral	No	No	No	Yes
SE16_SO	Tpe_SO	GTGCCAGCMGCCGCGGTAA	GACTACHVGGGTATCTAATCC	U515F-Bakt_805R	V4	2022-05-09	No	Yes	Kappa	Field	NA	Soil	T.spelta	Soil_T.spelta	6n	Europe	Ancestral	No	No	No	Yes
SE16_SP	Tpe_SP	GTGCCAGCMGCCGCGGTAA	GACTACHVGGGTATCTAATCC	U515F-Bakt_805R	V4	2022-05-09	No	Yes	Kappa	Field	NA	Spike	T.spelta	Spike_T.spelta	6n	Europe	Ancestral	No	No	No	Yes
SE36	Tpe_SP3	GTGCCAGCMGCCGCGGTAA	GACTACHVGGGTATCTAATCC	U515F-Bakt_805R	V4	2022-05-09	No	Yes	Kappa	Seed	NA	Seed	T.spelta	Seed_T.spelta	6n	Europe	Ancestral	No	Yes	No	No
SE64_74	Tpe_SP4	GTGCCAGCMGCCGCGGTAA	GACTACHVGGGTATCTAATCC	U515F-Bakt_805R	V4	2022-05-09	No	Yes	Kappa	Seed	NA	Seed	T.spelta	Seed_T.spelta	6n	Europe	Ancestral	No	Yes	No	Yes
SE64_9	Tpe_SPC	GTGCCAGCMGCCGCGGTAA	GACTACHVGGGTATCTAATCC	U515F-Bakt_805R	V4	2022-05-09	No	Yes	Kappa	Seed	NA	Seed	T.spelta	Seed_T.spelta	6n	Europe	Ancestral	No	No	No	Yes
SPB	Tpe_SP1	GTGCCAGCMGCCGCGGTAA	GACTACHVGGGTATCTAATCC	U515F-Bakt_805R	V4	2022-05-09	No	Yes	Kappa	Seed	NA	Seed	T.spelta	Seed_T.spelta	6n	Europe	Ancestral	No	Yes	No	No
SPM20Q	Tmo_SP	GTGCCAGCMGCCGCGGTAA	GACTACHVGGGTATCTAATCC	U515F-Bakt_805R	V4	2022-05-09	No	Yes	Kappa	Seed	NA	Seed	T.monococcum	Seed_T.monococcum	2n	Europe	Ancestral	No	Yes	No	No
SPT	Ttu_SP	GTGCCAGCMGCCGCGGTAA	GACTACHVGGGTATCTAATCC	U515F-Bakt_805R	V4	2022-05-09	No	Yes	Kappa	Seed	NA	Seed	T.turgidum	Seed_T.turgidum	4n	Europe	Ancestral	No	Yes	No	Yes
SPT_RO	SPT_RO	GTGCCAGCMGCCGCGGTAA	GACTACHVGGGTATCTAATCC	U515F-Bakt_805R	V4	2022-05-09	No	Yes	Kappa	Field	NA	Root	T.turgidum	Root_T.turgidum	4n	Europe	Ancestral	No	No	No	Yes
SPT_SH	SPT_SH	GTGCCAGCMGCCGCGGTAA	GACTACHVGGGTATCTAATCC	U515F-Bakt_805R	V4	2022-05-09	No	Yes	Kappa	Field	NA	Shoot	T.turgidum	Shoot_T.turgidum	4n	Europe	Ancestral	No	No	No	Yes
SPT_SO	SPT_SO	GTGCCAGCMGCCGCGGTAA	GACTACHVGGGTATCTAATCC	U515F-Bakt_805R	V4	2022-05-09	No	Yes	Kappa	Field	NA	Soil	T.turgidum	Soil_T.turgidum	4n	Europe	Ancestral	No	No	No	Yes
SPT_SP	SPT_SP	GTGCCAGCMGCCGCGGTAA	GACTACHVGGGTATCTAATCC	U515F-Bakt_805R	V4	2022-05-09	No	Yes	Kappa	Field	NA	Spike	T.turgidum	Spike_T.turgidum	4n	Europe	Ancestral	No	No	No	Yes
TBR	Tae_SP4	GTGCCAGCMGCCGCGGTAA	GACTACHVGGGTATCTAATCC	U515F-Bakt_805R	V4	2022-05-09	No	Yes	Kappa	Seed	NA	Seed	T.aestivum	Seed_T.aestivum	6n	Europe	Commercial	No	Yes	No	No
TBS	Tae_SP1	GTGCCAGCMGCCGCGGTAA	GACTACHVGGGTATCTAATCC	U515F-Bakt_805R	V4	2022-05-09	No	Yes	Kappa	Seed	NA	Seed	T.aestivum	Seed_T.aestivum	6n	Europe	Commercial	No	Yes	Yes	No
TDR	Tdu_SP	GTGCCAGCMGCCGCGGTAA	GACTACHVGGGTATCTAATCC	U515F-Bakt_805R	V4	2022-05-09	No	Yes	Kappa	Seed	NA	Seed	T.durum	Seed_T.durum	4n	Europe	Commercial	No	Yes	No	Yes
TDR_RO	TDR_RO	GTGCCAGCMGCCGCGGTAA	GACTACHVGGGTATCTAATCC	U515F-Bakt_805R	V4	2022-05-09	No	Yes	Kappa	Field	NA	Root	T.durum	Root_T.durum	4n	Europe	Commercial	No	No	No	Yes
TDR_SH	TDR_SH	GTGCCAGCMGCCGCGGTAA	GACTACHVGGGTATCTAATCC	U515F-Bakt_805R	V4	2022-05-09	No	Yes	Kappa	Field	NA	Shoot	T.durum	Shoot_T.durum	4n	Europe	Commercial	No	No	No	Yes
TDR_SP	TDR_SP	GTGCCAGCMGCCGCGGTAA	GACTACHVGGGTATCTAATCC	U515F-Bakt_805R	V4	2022-05-09	No	Yes	Kappa	Field	NA	Spike	T.durum	Spike_T.durum	4n	Europe	Commercial	No	No	No	Yes
TKS	Tae_GE	GTGCCAGCMGCCGCGGTAA	GACTACHVGGGTATCTAATCC	U515F-Bakt_805R	V4	2022-05-09	No	Yes	Kappa	Seed	NA	Seed	T.aestivum	Seed_T.aestivum	6n	Europe	Commercial	No	Yes	No	No
TRI_10765	Tae_GR	GTGCCAGCMGCCGCGGTAA	GACTACHVGGGTATCTAATCC	U515F-Bakt_805R	V4	2022-05-09	No	Yes	Kappa	Seed	NA	Seed	T.aestivum	Seed_T.aestivum	6n	Europe	Commercial	No	Yes	No	No
TRI_1998	Tmo_BU	GTGCCAGCMGCCGCGGTAA	GACTACHVGGGTATCTAATCC	U515F-Bakt_805R	V4	2022-05-09	No	Yes	Kappa	Seed	NA	Seed	T.monococcum	Seed_T.monococcum	2n	Europe	Ancestral	No	Yes	No	No
TRI_4101	Tdu_AF	GTGCCAGCMGCCGCGGTAA	GACTACHVGGGTATCTAATCC	U515F-Bakt_805R	V4	2022-05-09	No	Yes	Kappa	Seed	NA	Seed	T.durum	Seed_T.durum	4n	Asia	Commercial	No	Yes	No	No
TRI_4168	Tdi_UN	GTGCCAGCMGCCGCGGTAA	GACTACHVGGGTATCTAATCC	U515F-Bakt_805R	V4	2022-05-09	No	Yes	Kappa	Seed	NA	Seed	T.dicoccum	Seed_T.dicoccum	4n	Unknown	Ancestral	No	Yes	No	No
TRI_4323	Tmo_UN	GTGCCAGCMGCCGCGGTAA	GACTACHVGGGTATCTAATCC	U515F-Bakt_805R	V4	2022-05-09	No	Yes	Kappa	Seed	NA	Seed	T.monococcum	Seed_T.monococcum	2n	Unknown	Ancestral	No	Yes	No	No
TRI_445	Tdi_US	GTGCCAGCMGCCGCGGTAA	GACTACHVGGGTATCTAATCC	U515F-Bakt_805R	V4	2022-05-09	No	Yes	Kappa	Seed	NA	Seed	T.dicoccum	Seed_T.dicoccum	4n	America	Ancestral	No	Yes	No	No
TRI_448	Tdu_AR	GTGCCAGCMGCCGCGGTAA	GACTACHVGGGTATCTAATCC	U515F-Bakt_805R	V4	2022-05-09	No	Yes	Kappa	Seed	NA	Seed	T.durum	Seed_T.durum	4n	America	Commercial	No	Yes	No	No
TRI_6263	Tdu_IR	GTGCCAGCMGCCGCGGTAA	GACTACHVGGGTATCTAATCC	U515F-Bakt_805R	V4	2022-05-09	No	Yes	Kappa	Seed	NA	Seed	T.durum	Seed_T.durum	4n	Asia	Commercial	No	Yes	No	No
TRI_7121	Tae_NZ	GTGCCAGCMGCCGCGGTAA	GACTACHVGGGTATCTAATCC	U515F-Bakt_805R	V4	2022-05-09	No	Yes	Kappa	Seed	NA	Seed	T.aestivum	Seed_T.aestivum	6n	Oceania	Commercial	No	Yes	No	No
A1	Tae_Sh1	GTGCCAGCMGCCGCGGTAA	GACTACHVGGGTATCTAATCC	U515F-Bakt_805R	V4	2023-06-06	No	Yes	Kappa	Gnotobiotic	NA	Shoot	T.aestivum	Shoot_T.aestivum	6n	Europe	Commercial	No	No	Yes	No
A2	Tae_Sh2	GTGCCAGCMGCCGCGGTAA	GACTACHVGGGTATCTAATCC	U515F-Bakt_805R	V4	2023-06-06	No	Yes	Kappa	Gnotobiotic	NA	Shoot	T.aestivum	Shoot_T.aestivum	6n	Europe	Commercial	No	No	Yes	No
A3	Tae_Sh3	GTGCCAGCMGCCGCGGTAA	GACTACHVGGGTATCTAATCC	U515F-Bakt_805R	V4	2023-06-06	No	Yes	Kappa	Gnotobiotic	NA	Shoot	T.aestivum	Shoot_T.aestivum	6n	Europe	Commercial	No	No	Yes	No
R1	Tae_Ro1	GTGCCAGCMGCCGCGGTAA	GACTACHVGGGTATCTAATCC	U515F-Bakt_805R	V4	2023-06-06	No	Yes	Kappa	Gnotobiotic	NA	Root	T.aestivum	Root_T.aestivum	6n	Europe	Commercial	No	No	Yes	No
R2	Tae_Ro2	GTGCCAGCMGCCGCGGTAA	GACTACHVGGGTATCTAATCC	U515F-Bakt_805R	V4	2023-06-06	No	Yes	Kappa	Gnotobiotic	NA	Root	T.aestivum	Root_T.aestivum	6n	Europe	Commercial	No	No	Yes	No
R3	Tae_Ro3	GTGCCAGCMGCCGCGGTAA	GACTACHVGGGTATCTAATCC	U515F-Bakt_805R	V4	2023-06-06	No	Yes	Kappa	Gnotobiotic	NA	Root	T.aestivum	Root_T.aestivum	6n	Europe	Commercial	No	No	Yes	No
Negative_Control	Negative_Control	GTGCCAGCMGCCGCGGTAA	GACTACHVGGGTATCTAATCC	U515F-Bakt_805R	V4	2025-04-07	No	Yes	Kappa	Control	H2O	NA	NA	NA	NA	NA	NA	Yes	No	No	No
RO_Ex	RO_Ex	GTGCCAGCMGCCGCGGTAA	GACTACHVGGGTATCTAATCC	U515F-Bakt_805R	V4	2025-04-07	No	Yes	Kappa	Control	Extraction	NA	NA	NA	NA	NA	NA	Yes	No	No	No
SP_Ex	SP_Ex	GTGCCAGCMGCCGCGGTAA	GACTACHVGGGTATCTAATCC	U515F-Bakt_805R	V4	2025-04-07	No	Yes	Kappa	Control	Extraction	NA	NA	NA	NA	NA	NA	Yes	No	No	No
Sto_Bag	Sto_Bag	GTGCCAGCMGCCGCGGTAA	GACTACHVGGGTATCTAATCC	U515F-Bakt_805R	V4	2025-04-07	No	Yes	Kappa	Control	Sto_Bag	NA	NA	NA	NA	NA	NA	Yes	No	No	No
Sto_Bag_2	Sto_Bag_2	GTGCCAGCMGCCGCGGTAA	GACTACHVGGGTATCTAATCC	U515F-Bakt_805R	V4	2025-04-07	No	Yes	Kappa	Control	Sto_Bag	NA	NA	NA	NA	NA	NA	Yes	No	No	No
Tae_RO_2	Tae_RO_2	GTGCCAGCMGCCGCGGTAA	GACTACHVGGGTATCTAATCC	U515F-Bakt_805R	V4	2025-04-07	No	Yes	Kappa	Field	NA	Root	T.aestivum	Root_T.aestivum	6n	America	Commercial	No	No	No	Yes
Tae_SE_1	Tae_SP2	GTGCCAGCMGCCGCGGTAA	GACTACHVGGGTATCTAATCC	U515F-Bakt_805R	V4	2025-04-07	No	Yes	Kappa	Seed	NA	Seed	T.aestivum	Seed_T.aestivum	6n	Europe	Commercial	No	No	No	Yes
Tae_SE_5	Tae_SE_5	GTGCCAGCMGCCGCGGTAA	GACTACHVGGGTATCTAATCC	U515F-Bakt_805R	V4	2025-04-07	No	Yes	Kappa	Seed	NA	Seed	T.aestivum	Seed_T.aestivum	6n	Europe	Commercial	No	No	No	Yes
Tae_SH_2	Tae_SH_2	GTGCCAGCMGCCGCGGTAA	GACTACHVGGGTATCTAATCC	U515F-Bakt_805R	V4	2025-04-07	No	Yes	Kappa	Field	NA	Shoot	T.aestivum	Shoot_T.aestivum	6n	Europe	Commercial	No	No	No	Yes
Tae_SO_1	Tae_SO_1	GTGCCAGCMGCCGCGGTAA	GACTACHVGGGTATCTAATCC	U515F-Bakt_805R	V4	2025-04-07	No	Yes	Kappa	Field	NA	Soil	T.aestivum	Soil_T.aestivum	6n	Europe	Commercial	No	No	No	Yes
Tae_SO_2	Tae_SO_2	GTGCCAGCMGCCGCGGTAA	GACTACHVGGGTATCTAATCC	U515F-Bakt_805R	V4	2025-04-07	No	Yes	Kappa	Field	NA	Soil	T.aestivum	Soil_T.aestivum	6n	Europe	Commercial	No	No	No	Yes
Tae_SP_1	Tae_SP_1	GTGCCAGCMGCCGCGGTAA	GACTACHVGGGTATCTAATCC	U515F-Bakt_805R	V4	2025-04-07	No	Yes	Kappa	Field	NA	Spike	T.aestivum	Spike_T.aestivum	6n	Europe	Commercial	No	No	No	Yes
Tdu_RO_2	Tdu_RO_2	GTGCCAGCMGCCGCGGTAA	GACTACHVGGGTATCTAATCC	U515F-Bakt_805R	V4	2025-04-07	No	Yes	Kappa	Field	NA	Root	T.durum	Root_T.durum	4n	Europe	Commercial	No	No	No	Yes
Tdu_RO_3	Tdu_RO_3	GTGCCAGCMGCCGCGGTAA	GACTACHVGGGTATCTAATCC	U515F-Bakt_805R	V4	2025-04-07	No	Yes	Kappa	Field	NA	Root	T.durum	Root_T.durum	4n	Europe	Commercial	No	No	No	Yes
Tdu_SE_1	Tdu_SE_1	GTGCCAGCMGCCGCGGTAA	GACTACHVGGGTATCTAATCC	U515F-Bakt_805R	V4	2025-04-07	No	Yes	Kappa	Seed	NA	Seed	T.durum	Seed_T.durum	4n	Europe	Commercial	No	No	No	Yes
Tdu_SE_3	Tdu_SE_3	GTGCCAGCMGCCGCGGTAA	GACTACHVGGGTATCTAATCC	U515F-Bakt_805R	V4	2025-04-07	No	Yes	Kappa	Seed	NA	Seed	T.durum	Seed_T.durum	4n	Europe	Commercial	No	No	No	Yes
Tdu_SH_1	Tdu_SH_1	GTGCCAGCMGCCGCGGTAA	GACTACHVGGGTATCTAATCC	U515F-Bakt_805R	V4	2025-04-07	No	Yes	Kappa	Field	NA	Shoot	T.durum	Shoot_T.durum	4n	Europe	Commercial	No	No	No	Yes
Tdu_SH_2	Tdu_SH_2	GTGCCAGCMGCCGCGGTAA	GACTACHVGGGTATCTAATCC	U515F-Bakt_805R	V4	2025-04-07	No	Yes	Kappa	Field	NA	Shoot	T.durum	Shoot_T.durum	4n	Europe	Commercial	No	No	No	Yes
Tdu_SO_1	Tdu_SO_1	GTGCCAGCMGCCGCGGTAA	GACTACHVGGGTATCTAATCC	U515F-Bakt_805R	V4	2025-04-07	No	Yes	Kappa	Field	NA	Soil	T.durum	Soil_T.durum	4n	Europe	Commercial	No	No	No	Yes
Tdu_SO_2	Tdu_SO_2	GTGCCAGCMGCCGCGGTAA	GACTACHVGGGTATCTAATCC	U515F-Bakt_805R	V4	2025-04-07	No	Yes	Kappa	Field	NA	Soil	T.durum	Soil_T.durum	4n	Europe	Commercial	No	No	No	Yes
Tdu_SO_3	Tdu_SO_3	GTGCCAGCMGCCGCGGTAA	GACTACHVGGGTATCTAATCC	U515F-Bakt_805R	V4	2025-04-07	No	Yes	Kappa	Field	NA	Soil	T.durum	Soil_T.durum	4n	Europe	Commercial	No	No	No	Yes
Tdu_SP_1	Tdu_SP_1	GTGCCAGCMGCCGCGGTAA	GACTACHVGGGTATCTAATCC	U515F-Bakt_805R	V4	2025-04-07	No	Yes	Kappa	Field	NA	Spike	T.durum	Spike_T.durum	4n	Europe	Commercial	No	No	No	Yes
Tdu_SP_3	Tdu_SP_3	GTGCCAGCMGCCGCGGTAA	GACTACHVGGGTATCTAATCC	U515F-Bakt_805R	V4	2025-04-07	No	Yes	Kappa	Field	NA	Spike	T.durum	Spike_T.durum	4n	Europe	Commercial	No	No	No	Yes
Tpe_RO_1	Tpe_RO_1	GTGCCAGCMGCCGCGGTAA	GACTACHVGGGTATCTAATCC	U515F-Bakt_805R	V4	2025-04-07	No	Yes	Kappa	Field	NA	Root	T.spelta	Root_T.spelta	6n	Europe	Ancestral	No	No	No	Yes
Tpe_RO_2	Tpe_RO_2	GTGCCAGCMGCCGCGGTAA	GACTACHVGGGTATCTAATCC	U515F-Bakt_805R	V4	2025-04-07	No	Yes	Kappa	Field	NA	Root	T.spelta	Root_T.spelta	6n	Europe	Ancestral	No	No	No	Yes
Tpe_SH_1	Tpe_SH_1	GTGCCAGCMGCCGCGGTAA	GACTACHVGGGTATCTAATCC	U515F-Bakt_805R	V4	2025-04-07	No	Yes	Kappa	Field	NA	Shoot	T.spelta	Shoot_T.spelta	6n	Europe	Ancestral	No	No	No	Yes
Tpe_SH_2	Tpe_SH_2	GTGCCAGCMGCCGCGGTAA	GACTACHVGGGTATCTAATCC	U515F-Bakt_805R	V4	2025-04-07	No	Yes	Kappa	Field	NA	Shoot	T.spelta	Shoot_T.spelta	6n	Europe	Ancestral	No	No	No	Yes
Tpe_SO_1	Tpe_SO_1	GTGCCAGCMGCCGCGGTAA	GACTACHVGGGTATCTAATCC	U515F-Bakt_805R	V4	2025-04-07	No	Yes	Kappa	Field	NA	Soil	T.spelta	Soil_T.spelta	6n	Europe	Ancestral	No	No	No	Yes
Tpe_SO_2	Tpe_SO_2	GTGCCAGCMGCCGCGGTAA	GACTACHVGGGTATCTAATCC	U515F-Bakt_805R	V4	2025-04-07	No	Yes	Kappa	Field	NA	Soil	T.spelta	Soil_T.spelta	6n	Europe	Ancestral	No	No	No	Yes
Tpe_SP_1	Tpe_SP_1	GTGCCAGCMGCCGCGGTAA	GACTACHVGGGTATCTAATCC	U515F-Bakt_805R	V4	2025-04-07	No	Yes	Kappa	Field	NA	Spike	T.spelta	Spike_T.spelta	6n	Europe	Ancestral	No	No	No	Yes
Tpe_SP_2	Tpe_SP_2	GTGCCAGCMGCCGCGGTAA	GACTACHVGGGTATCTAATCC	U515F-Bakt_805R	V4	2025-04-07	No	Yes	Kappa	Field	NA	Spike	T.spelta	Spike_T.spelta	6n	Europe	Ancestral	No	No	No	Yes
Ttu_RO_1	Ttu_RO_1	GTGCCAGCMGCCGCGGTAA	GACTACHVGGGTATCTAATCC	U515F-Bakt_805R	V4	2025-04-07	No	Yes	Kappa	Field	NA	Root	T.turgidum	Root_T.turgidum	4n	Europe	Ancestral	No	No	No	Yes
Ttu_RO_2	Ttu_RO_2	GTGCCAGCMGCCGCGGTAA	GACTACHVGGGTATCTAATCC	U515F-Bakt_805R	V4	2025-04-07	No	Yes	Kappa	Field	NA	Root	T.turgidum	Root_T.turgidum	4n	Europe	Ancestral	No	No	No	Yes
Ttu_SE_1	Ttu_SE_1	GTGCCAGCMGCCGCGGTAA	GACTACHVGGGTATCTAATCC	U515F-Bakt_805R	V4	2025-04-07	No	Yes	Kappa	Seed	NA	Seed	T.turgidum	Seed_T.turgidum	4n	Europe	Ancestral	No	No	No	Yes
Ttu_SE_2	Ttu_SE_2	GTGCCAGCMGCCGCGGTAA	GACTACHVGGGTATCTAATCC	U515F-Bakt_805R	V4	2025-04-07	No	Yes	Kappa	Seed	NA	Seed	T.turgidum	Seed_T.turgidum	4n	Europe	Ancestral	No	No	No	Yes
Ttu_SH_1	Ttu_SH_1	GTGCCAGCMGCCGCGGTAA	GACTACHVGGGTATCTAATCC	U515F-Bakt_805R	V4	2025-04-07	No	Yes	Kappa	Field	NA	Shoot	T.turgidum	Shoot_T.turgidum	4n	Europe	Ancestral	No	No	No	Yes
Ttu_SH_2	Ttu_SH_2	GTGCCAGCMGCCGCGGTAA	GACTACHVGGGTATCTAATCC	U515F-Bakt_805R	V4	2025-04-07	No	Yes	Kappa	Field	NA	Shoot	T.turgidum	Shoot_T.turgidum	4n	Europe	Ancestral	No	No	No	Yes
Ttu_SO_1	Ttu_SO_1	GTGCCAGCMGCCGCGGTAA	GACTACHVGGGTATCTAATCC	U515F-Bakt_805R	V4	2025-04-07	No	Yes	Kappa	Field	NA	Soil	T.turgidum	Soil_T.turgidum	4n	Europe	Ancestral	No	No	No	Yes
Ttu_SO_2	Ttu_SO_2	GTGCCAGCMGCCGCGGTAA	GACTACHVGGGTATCTAATCC	U515F-Bakt_805R	V4	2025-04-07	No	Yes	Kappa	Field	NA	Soil	T.turgidum	Soil_T.turgidum	4n	Europe	Ancestral	No	No	No	Yes
Ttu_SP_1	Ttu_SP_1	GTGCCAGCMGCCGCGGTAA	GACTACHVGGGTATCTAATCC	U515F-Bakt_805R	V4	2025-04-07	No	Yes	Kappa	Field	NA	Spike	T.turgidum	Spike_T.turgidum	4n	Europe	Ancestral	No	No	No	Yes
Ttu_SP_2	Ttu_SP_2	GTGCCAGCMGCCGCGGTAA	GACTACHVGGGTATCTAATCC	U515F-Bakt_805R	V4	2025-04-07	No	Yes	Kappa	Field	NA	Spike	T.turgidum	Spike_T.turgidum	4n	Europe	Ancestral	No	No	No	Yes
